forename,middle_name,last_name,preferred_name,sex,ssn,account_number
Heyward,NULL,Hilpert,Heyward,FEMALE,471-65-6609,21727974436222
Lester,NULL,Jaskolski,Lester,FEMALE,260-87-8068,64463257233985
Jackie,Boyer,MD,Jackie,MALE,590-52-1502,12296249256518
Jayleen,Koelpin,DVM,Jayleen,MALE,707-81-0321,57483348338523
Carlos,Haag,MD,Carlos,FEMALE,739-25-9324,89387645125436
Shianne,NULL,Kertzmann,Shianne,FEMALE,025-17-0638,56699699254239
Moe,Hayes,III,Moe,MALE,465-37-9233,43234527571143
Nery,NULL,Doyle,Nery,FEMALE,136-06-8970,86634456967855
Deandre,NULL,Lowe,Deandre,FEMALE,875-53-8317,18945139271525
Gaylene,NULL,Connelly,Gaylene,MALE,402-16-8824,97959454255556
Fulton,NULL,Stanton,Fulton,FEMALE,470-41-8788,26518588375877
Bulah,NULL,Keebler,Bulah,FEMALE,019-13-7523,84956582416916
Geoff,NULL,Sipes,Geoff,FEMALE,769-85-0393,32231711518714
Darrion,NULL,Olson,Darrion,FEMALE,444-96-6034,65893929854756
Zana,NULL,Lakin,Zana,FEMALE,819-64-1775,84253532556981
Shoji,NULL,Connelly,Shoji,FEMALE,517-99-8701,81861197837928
Hilario,NULL,Gorczany,Hilario,FEMALE,815-86-8088,34897653531487
Harland,Ward,Sr.,Harland,FEMALE,082-50-8402,48262764284139
Javonte,NULL,Kautzer,Javonte,MALE,386-24-1320,55442557517897
Neoma,Pouros,DDS,Neoma,FEMALE,687-17-5350,62713539146937
Conley,NULL,Hand,Conley,FEMALE,689-57-4640,14458848157132
Wilfredo,NULL,Pagac,Wilfredo,MALE,161-82-6958,97212875924487
Liza,NULL,Hamill,Liza,MALE,478-22-2446,77584627485547
Merwin,NULL,Bosco,Merwin,MALE,096-02-8206,32634325172996
Gerardo,NULL,Fritsch,Gerardo,MALE,363-83-3175,54379715122243
Miss,Jessenia,Satterfield,Miss,MALE,182-64-4685,39171449883485
Miss,Anahi,Bauch,Miss,FEMALE,212-18-4097,77188242232811
Jahiem,NULL,Grimes,Jahiem,FEMALE,097-04-4561,85869472529112
Julian,NULL,Runte,Julian,FEMALE,607-82-7495,27714794761358
Theodocia,NULL,Konopelski,Theodocia,FEMALE,127-57-0359,25264948253447
Hans,NULL,Borer,Hans,MALE,677-40-7865,74924385356317
Miss,Sarai,Wisoky,Miss,FEMALE,164-94-5067,66187824531327
Dale,Mohr,V,Dale,MALE,549-13-1055,22785266341456
Olivia,NULL,Little,Olivia,MALE,217-26-3038,55335958257381
Renea,Effertz,PhD,Renea,FEMALE,855-38-1572,96779184234859
Todd,NULL,Jenkins,Todd,MALE,121-72-4310,57587445235965
Delle,NULL,Beatty,Delle,FEMALE,854-35-6248,36645889122313
Shaneka,Breitenberg,MD,Shaneka,FEMALE,054-23-6970,97267932126471
Almeda,Schowalter,MD,Almeda,MALE,139-10-6467,73647267836738
Andon,NULL,Nader,Andon,FEMALE,476-39-5769,22596859967775
Lurana,NULL,Auer,Lurana,FEMALE,392-15-2540,66481942332315
Washington,NULL,Vandervort,Washington,MALE,483-55-9121,35387262173935
Miss,Maudie,Lesch,Miss,MALE,007-85-4312,72586476114716
Liane,NULL,Carroll,Liane,FEMALE,646-64-0967,96641138122457
Latosha,NULL,Boyer,Latosha,MALE,089-68-6043,18647848174587
Davante,NULL,Graham,Davante,FEMALE,426-07-2235,97398157831385
Iola,NULL,Kunde,Iola,FEMALE,397-74-0144,33668326823698
Kimberely,NULL,Schuster,Kimberely,MALE,782-68-8487,97121351264815
Mikhail,NULL,Raynor,Mikhail,FEMALE,562-34-8401,44445744681934
Lisha,NULL,Schmidt,Lisha,FEMALE,552-44-3045,14254229364134
Clarissa,NULL,Leuschke,Clarissa,FEMALE,163-79-4314,72231857431749
Larry,NULL,Langosh,Larry,FEMALE,125-21-8956,45226966921135
Marlena,NULL,Greenfelder,Marlena,MALE,779-01-3725,78178579485238
Vernell,Koss,PhD,Vernell,MALE,570-93-5738,52749441114885
Oda,NULL,Fritsch,Oda,FEMALE,042-17-9691,35215923798526
Boris,NULL,Spencer,Boris,FEMALE,658-14-8087,49558942771613
Evia,NULL,Stamm,Evia,MALE,453-08-1213,89639184418911
Rodrick,NULL,Collier,Rodrick,FEMALE,741-16-1819,48781998754213
Fount,NULL,Mayert,Fount,MALE,138-12-4899,57228354842553
Candy,NULL,Ruecker,Candy,MALE,485-98-8047,81641768218336
Shaun,NULL,Labadie,Shaun,MALE,779-92-3186,75848475384269
Ray,NULL,Tromp,Ray,FEMALE,828-87-2237,88546294814654
Carisa,NULL,Schiller,Carisa,FEMALE,031-35-8184,66715973158199
Dian,Flatley,MD,Dian,FEMALE,787-04-5309,33614388788326
Gracelyn,NULL,Weissnat,Gracelyn,MALE,895-28-7225,35425868236519
Chace,NULL,Pollich,Chace,MALE,895-03-2901,53861896582432
Almond,Romaguera,MD,Almond,MALE,070-04-8630,26419874398542
Karma,NULL,Lang,Karma,MALE,222-95-3330,32951552149891
Cecelia,Farrell,DVM,Cecelia,MALE,576-36-7033,19744745485311
Beverley,NULL,Corwin,Beverley,FEMALE,797-06-5439,89883132264852
Shardae,NULL,Hermiston,Shardae,MALE,557-69-2406,32833124833788
Rollie,NULL,Morissette,Rollie,FEMALE,025-55-7744,68295455355999
Gunda,NULL,McDermott,Gunda,FEMALE,024-69-6389,41134534377447
Corliss,NULL,Lowe,Corliss,FEMALE,864-74-6237,87847591134385
Miss,Jalynn,Shanahan,Miss,FEMALE,483-35-1719,13983721685234
Wheeler,NULL,Mueller,Wheeler,FEMALE,174-94-5674,18968467896586
Dijon,NULL,Gibson,Dijon,MALE,509-37-7842,48945381841427
Caiden,NULL,Pouros,Caiden,FEMALE,703-91-4753,22832414273488
Kieth,NULL,Schneider,Kieth,FEMALE,482-30-7475,64966484169593
Cliff,NULL,Johnston,Cliff,FEMALE,015-90-6768,58662238551536
Elvin,Moen,Jr.,Elvin,MALE,465-16-5329,86229287569638
Sean,NULL,Metz,Sean,MALE,252-44-5312,78229215692731
Alanna,NULL,Purdy,Alanna,MALE,323-71-2809,19125691114184
Mikayla,NULL,Thompson,Mikayla,FEMALE,615-60-2441,37935811448929
Mara,NULL,Lubowitz,Mara,MALE,855-54-0814,98873733167823
Dillon,NULL,Schumm,Dillon,MALE,184-53-3276,24721789829259
Larae,NULL,Nitzsche,Larae,MALE,517-13-4513,39728679248332
Tiana,NULL,Roob,Tiana,FEMALE,783-01-9907,47984917151415
Venessa,NULL,Watsica,Venessa,FEMALE,225-75-9321,66892974643785
Aleck,Greenholt,PhD,Aleck,MALE,796-36-4088,51661896436787
Kortney,NULL,Block,Kortney,MALE,428-30-0060,94767913614651
Delphine,NULL,Welch,Delphine,MALE,351-67-6589,91153394534576
Adolfo,NULL,Sanford,Adolfo,FEMALE,548-41-8501,29599631114856
Alys,NULL,Streich,Alys,MALE,614-56-9227,26185323176326
Malik,Lesch,IV,Malik,FEMALE,551-29-8286,31561925531655
Reggie,NULL,Lebsack,Reggie,FEMALE,382-03-4635,55188669811545
Kiley,Kuphal,PhD,Kiley,MALE,336-65-6532,33476923711781
Storm,NULL,Johnston,Storm,MALE,544-66-6088,63847945847532
Ian,NULL,Stiedemann,Ian,FEMALE,684-47-9117,21351328738488
Angeles,NULL,Wisozk,Angeles,FEMALE,073-94-2538,98433886948949
Trinity,NULL,Kreiger,Trinity,MALE,709-66-9843,81377334249444
Nyree,NULL,Stokes,Nyree,FEMALE,553-70-4374,33981366138844
Loma,NULL,Corwin,Loma,MALE,307-62-6491,49524513657429
Darline,NULL,Murray,Darline,FEMALE,659-73-6152,31533738419865
Danette,NULL,Rutherford,Danette,FEMALE,207-31-9189,97266435366317
Devin,NULL,Mills,Devin,MALE,110-96-7067,99699748287447
Kelcie,NULL,Fahey,Kelcie,MALE,052-69-1513,88982566493664
Von,NULL,Roob,Von,FEMALE,168-25-7020,39948218591488
Lulie,Howell,MD,Lulie,MALE,837-06-4571,54258621738232
Nigel,Block,II,Nigel,FEMALE,674-73-7497,64785914342297
Raquan,NULL,Carroll,Raquan,MALE,085-12-2302,48735626892795
Cameron,NULL,Marks,Cameron,MALE,285-91-8148,86178937242218
Andria,NULL,Luettgen,Andria,FEMALE,871-45-7717,28697251683151
Douglas,NULL,Schmidt,Douglas,MALE,831-79-6263,66622469581956
Augustina,NULL,Stoltenberg,Augustina,MALE,277-26-3308,78117594418124
Cale,NULL,Toy,Cale,FEMALE,048-10-4008,53399869226955
Stacey,NULL,Herman,Stacey,FEMALE,189-51-8308,19318585365669
Nathan,NULL,Funk,Nathan,FEMALE,613-26-8528,18847693245529
Zane,NULL,Rempel,Zane,MALE,864-65-0913,18474857594711
Jimmy,NULL,Auer,Jimmy,FEMALE,831-07-6681,75513866369699
Ellyn,Senger,DDS,Ellyn,MALE,880-56-4418,55958637873918
Benjamen,NULL,Torp,Benjamen,MALE,681-71-7895,11635584772986
Zed,NULL,Muller,Zed,MALE,674-31-5842,38758291854131
Bradyn,Erdman,V,Bradyn,FEMALE,266-91-0870,64758576986625
Kellan,NULL,Hauck,Kellan,MALE,593-32-1007,91676298859673
Miss,Pricilla,Toy,Miss,FEMALE,667-37-2880,75135458773227
Dulcie,Nikolaus,PhD,Dulcie,FEMALE,664-24-8054,57926515362177
Zina,NULL,Heidenreich,Zina,MALE,011-20-5939,51985884757747
Tashina,NULL,Hauck,Tashina,MALE,710-36-5272,71817576428899
Tory,NULL,Vandervort,Tory,FEMALE,551-14-2171,51828424747159
Aryanna,NULL,Rosenbaum,Aryanna,FEMALE,121-52-9013,51127294564782
Flor,NULL,Glover,Flor,FEMALE,142-52-5602,41184187389722
Miss,Corrina,Batz,Miss,FEMALE,140-11-8559,45237533853768
Maricela,Zboncak,DDS,Maricela,FEMALE,832-09-1833,23971543576272
Jadyn,NULL,Prohaska,Jadyn,MALE,569-53-9727,48625636196658
Hiram,NULL,Swaniawski,Hiram,FEMALE,639-30-0803,62231711424685
Nunzio,NULL,Casper,Nunzio,FEMALE,699-47-9312,32748645722968
Javonte,Jacobson,DDS,Javonte,FEMALE,831-61-3898,97465488931778
Glover,NULL,Bailey,Glover,MALE,614-08-7807,42847491541561
Rogelio,NULL,Tromp,Rogelio,MALE,169-46-2540,21968962456628
Nova,NULL,Russel,Nova,FEMALE,847-48-4063,84697584926633
Rishi,Hintz,DVM,Rishi,FEMALE,465-42-3120,31344137446393
Brooks,Wintheiser,PhD,Brooks,FEMALE,080-22-8200,45268767612148
Rosario,NULL,Dietrich,Rosario,MALE,815-97-3079,94721379866277
Epifanio,NULL,Corkery,Epifanio,FEMALE,160-62-7424,58575133455584
Deshawn,NULL,Block,Deshawn,FEMALE,093-51-0749,78812949562359
Clive,Schulist,V,Clive,MALE,074-82-6677,62741747486976
Abraham,Hickle,Sr.,Abraham,MALE,266-31-5064,44964383874491
Odette,NULL,Okuneva,Odette,FEMALE,419-34-3837,52559735159156
Van,Kihn,III,Van,MALE,757-05-6689,76726697439455
Gideon,NULL,Nolan,Gideon,MALE,650-44-6646,39764764564134
Wayland,Cronin,III,Wayland,FEMALE,898-64-7760,75335774497931
Hamilton,NULL,Cassin,Hamilton,FEMALE,163-04-9920,75493678535484
Sheryl,NULL,Luettgen,Sheryl,MALE,808-26-3130,13296268722669
Rosalia,NULL,Cartwright,Rosalia,FEMALE,412-07-7180,14482626145577
Raquan,Boyle,Sr.,Raquan,MALE,188-88-1847,74242671631952
Marleen,NULL,Bernhard,Marleen,FEMALE,760-77-7270,95719651642218
Barnie,NULL,Kuhic,Barnie,MALE,647-95-5083,36973314594466
Hermine,Volkman,MD,Hermine,MALE,636-27-8979,96959536957679
Kiel,NULL,Jenkins,Kiel,FEMALE,106-77-6440,88616544437124
Jaye,NULL,Skiles,Jaye,FEMALE,353-83-3700,22868443899235
Emilia,NULL,Fay,Emilia,FEMALE,174-73-5953,18893774419974
Roy,NULL,Harvey,Roy,FEMALE,276-44-9561,45952279312623
Rolanda,NULL,Stiedemann,Rolanda,MALE,160-16-3423,64441765621559
Herb,NULL,Mohr,Herb,FEMALE,028-48-3344,31658289496498
Terell,NULL,Kunze,Terell,FEMALE,812-61-2021,51452145439847
Abelardo,NULL,Welch,Abelardo,MALE,592-71-0473,58539354916661
Eleanora,NULL,Green,Eleanora,MALE,128-68-4125,19283138295535
Tamara,Satterfield,DVM,Tamara,FEMALE,659-77-5138,21464842657474
Omie,NULL,Carroll,Omie,MALE,411-10-8481,33257753871947
Campbell,NULL,Langworth,Campbell,FEMALE,104-24-0591,34662382292589
Katerina,Hilll,PhD,Katerina,FEMALE,139-25-2154,66761197679187
Weston,NULL,Grimes,Weston,MALE,201-51-6937,59219427144485
Edward,NULL,Ankunding,Edward,FEMALE,052-10-1249,75983347341445
Grayce,Marvin,PhD,Grayce,MALE,794-69-9898,13322632688124
Brodie,NULL,Emmerich,Brodie,MALE,106-25-3103,38412869793652
Aubrey,NULL,Murphy,Aubrey,MALE,649-60-0774,53363422474974
Grafton,NULL,Windler,Grafton,FEMALE,669-32-9440,85933893359765
Hildur,NULL,Bernhard,Hildur,FEMALE,221-94-3673,47439186853382
Alaya,NULL,Murazik,Alaya,MALE,480-79-8432,57421236513295
Yahaira,Kutch,DVM,Yahaira,FEMALE,390-51-0052,33652277683715
Emmet,NULL,Hegmann,Emmet,FEMALE,346-66-3819,49826932519346
Oscar,NULL,Conn,Oscar,MALE,036-33-8994,79154663125961
Kayli,Ortiz,DDS,Kayli,FEMALE,697-77-7201,99498696172954
Kisha,Eichmann,PhD,Kisha,MALE,190-57-1288,74725967531632
Caesar,NULL,Reichert,Caesar,FEMALE,367-55-2522,88234421354547
Albertus,Harvey,DVM,Albertus,FEMALE,534-16-0755,52756446141725
Vicente,NULL,King,Vicente,MALE,200-67-6576,19257523918563
Madilyn,NULL,Buckridge,Madilyn,MALE,685-80-2521,96271751172884
Nilda,NULL,Roberts,Nilda,MALE,354-89-7976,35341964327866
Cleora,NULL,Abernathy,Cleora,FEMALE,665-55-0502,38876152125867
Jonas,Kuhlman,V,Jonas,FEMALE,071-26-0403,72584675291211
Lynn,NULL,Mertz,Lynn,FEMALE,155-63-0778,48761156238338
Brandon,Bins,PhD,Brandon,FEMALE,422-33-9053,34719861456676
Zayden,NULL,Mueller,Zayden,MALE,183-92-3050,59195666984224
Leisa,NULL,Kunde,Leisa,FEMALE,545-07-1769,34811859326549
Maury,Goyette,II,Maury,MALE,017-20-8459,92667632356382
Clarissa,NULL,Schimmel,Clarissa,MALE,476-08-8202,61541451492173
Reilly,Cartwright,Sr.,Reilly,FEMALE,408-65-7844,95235337557975
Jonna,NULL,Quitzon,Jonna,FEMALE,141-87-7052,45636968145765
Arbie,NULL,Goodwin,Arbie,MALE,384-60-0466,77131146732315
Miss,Nell,Kling,Miss,MALE,280-57-5044,96482497377742
Berlin,NULL,Moore,Berlin,FEMALE,495-45-9966,72931385547977
Elmer,NULL,Fisher,Elmer,MALE,255-76-2920,48415557172528
Caro,NULL,Klocko,Caro,FEMALE,682-06-7893,68352843389641
Gaye,NULL,Hilpert,Gaye,FEMALE,020-16-4096,67628776393517
Elmer,Dooley,MD,Elmer,FEMALE,158-36-9518,94398931637368
Seymour,NULL,Harvey,Seymour,MALE,857-63-6590,23792512538123
Jaycie,Gutmann,PhD,Jaycie,MALE,798-76-4078,96883495784455
Beverlee,NULL,Romaguera,Beverlee,MALE,306-78-9050,16497549937331
Silvia,NULL,Lynch,Silvia,FEMALE,574-09-0369,12863964946765
Miss,Marnie,Cormier,Miss,MALE,206-79-6835,85536956366883
Jerrold,NULL,Lemke,Jerrold,FEMALE,736-26-0258,44271319999792
Miss,Sharonda,Kovacek,Miss,MALE,546-65-1349,93923826277617
Babette,NULL,Herman,Babette,MALE,707-60-0759,63672247178424
Rocco,O'Kon,II,Rocco,MALE,170-75-6460,36865575314423
Honora,NULL,Bosco,Honora,FEMALE,199-13-4692,86447911229643
Emerson,NULL,Shanahan,Emerson,MALE,634-49-7497,81374852292981
Zane,NULL,Reynolds,Zane,FEMALE,538-81-6848,69796366649334
Deidra,NULL,Cartwright,Deidra,MALE,706-68-9133,31686864619436
Aurelia,Yundt,PhD,Aurelia,FEMALE,420-80-3166,26598693279948
Vince,NULL,Feil,Vince,MALE,539-91-6068,23632589414556
Iridian,King,DVM,Iridian,FEMALE,576-77-5753,19467477929897
Dorinda,NULL,O'Conner,Dorinda,FEMALE,136-25-6674,98889216475762
Thekla,NULL,Renner,Thekla,MALE,187-95-2623,75713846791587
Katy,Reichert,PhD,Katy,MALE,167-63-6927,52396548929379
Sampson,Zboncak,V,Sampson,MALE,245-43-8887,84246199582559
Dionte,NULL,Bednar,Dionte,FEMALE,885-22-4674,38598758911168
Jamal,NULL,Gleason,Jamal,FEMALE,288-35-4016,36963967634681
Verlie,NULL,Kilback,Verlie,MALE,830-52-8834,83386866123189
Lavera,NULL,Marvin,Lavera,FEMALE,302-73-0759,25732873337686
Asa,NULL,Oberbrunner,Asa,FEMALE,770-65-4655,29681722336139
Arthur,Ferry,II,Arthur,FEMALE,289-87-7235,88636961372182
Miss,Amya,Lueilwitz,Miss,MALE,310-89-4871,61522334737673
Norton,NULL,Bosco,Norton,MALE,447-40-7659,19794868997548
Scottie,NULL,Cassin,Scottie,MALE,734-52-0383,88625191385568
Jeffery,NULL,Fadel,Jeffery,MALE,706-69-1340,79289631497282
Morgan,Hyatt,IV,Morgan,MALE,851-59-7008,45954975743273
Cleora,NULL,Bechtelar,Cleora,FEMALE,580-52-7085,66679779244261
Palma,Will,DVM,Palma,FEMALE,217-10-8025,17457254788117
Miss,Dawne,Considine,Miss,FEMALE,670-75-9521,65375969536176
Aaden,Pollich,MD,Aaden,MALE,688-82-3670,84918512564932
Renea,NULL,Luettgen,Renea,FEMALE,419-11-1526,12894821524716
Cornelius,Willms,I,Cornelius,FEMALE,122-58-9004,46375719523353
Marlyn,NULL,Kuphal,Marlyn,FEMALE,297-08-0233,87736522278492
Deontae,NULL,Rempel,Deontae,FEMALE,403-47-6883,31261189273643
Justice,NULL,Green,Justice,MALE,548-71-5474,54168738643754
Harlow,NULL,Hayes,Harlow,MALE,254-91-1803,29975714298643
Darleen,NULL,Braun,Darleen,FEMALE,282-06-5164,32235149351212
Juluis,NULL,Kuhlman,Juluis,MALE,606-73-8449,95189621513794
Benjman,NULL,Weimann,Benjman,FEMALE,239-87-1980,44272942164912
Niles,NULL,Schoen,Niles,MALE,546-50-0653,57984221762895
Tisa,NULL,Pfannerstill,Tisa,FEMALE,260-09-4208,31662521966868
Burrell,NULL,Goodwin,Burrell,FEMALE,755-09-0586,38647141267889
Benedict,Herzog,DVM,Benedict,MALE,340-10-6221,77977918571392
Jovanni,Marks,MD,Jovanni,FEMALE,349-81-2703,66626178738562
Tamiko,Maggio,MD,Tamiko,FEMALE,396-13-7209,66831423169493
Villa,Hackett,DVM,Villa,MALE,248-03-1609,75197852138684
Mai,VonRueden,MD,Mai,MALE,230-74-7942,29751188839611
Chantelle,NULL,Turcotte,Chantelle,FEMALE,850-68-5224,41174578323293
Kaliyah,NULL,White,Kaliyah,FEMALE,842-53-8797,17139197747658
Marlene,NULL,Barton,Marlene,FEMALE,635-77-9041,93636513744241
Harriett,NULL,Heathcote,Harriett,MALE,856-65-8217,51483766472941
Andra,NULL,Jones,Andra,FEMALE,566-64-9078,18936835516137
Lucinda,NULL,Hand,Lucinda,MALE,847-65-6300,57329892269373
Shelly,Bernhard,PhD,Shelly,FEMALE,405-65-3362,21773169516559
Audra,Kertzmann,DDS,Audra,FEMALE,531-58-4863,64519927852561
Jerold,Grant,I,Jerold,FEMALE,892-12-0795,72984191929619
Amit,Jenkins,IV,Amit,MALE,820-32-6979,57546297922965
Elda,NULL,Stehr,Elda,FEMALE,523-18-5025,61593461619934
Trinity,O'Reilly,Jr.,Trinity,MALE,898-02-2633,41328979659588
Orrie,NULL,Heaney,Orrie,MALE,677-03-9948,45217687396279
Dagny,NULL,Swift,Dagny,MALE,716-10-8806,44266321331398
Iva,NULL,Greenholt,Iva,MALE,758-86-6464,65741758569636
Jaren,NULL,Russel,Jaren,FEMALE,174-32-9807,58147793654766
Adele,NULL,Kub,Adele,FEMALE,602-61-4061,52792189146261
Jaxon,NULL,Tillman,Jaxon,MALE,272-83-9796,47617816783564
Thompson,Herman,II,Thompson,MALE,855-56-0693,86591916535526
Geary,NULL,Jerde,Geary,FEMALE,734-21-8744,33648896685839
Juluis,Kirlin,I,Juluis,MALE,231-44-4856,96884218641729
Napoleon,NULL,Bauch,Napoleon,MALE,667-18-3124,63449829637998
Mark,NULL,Medhurst,Mark,MALE,081-49-7676,34399592944482
Lexus,NULL,Bogisich,Lexus,MALE,628-69-3155,21426497863469
Tamekia,NULL,Beier,Tamekia,MALE,512-93-2604,95666331627459
Clifton,NULL,Kunde,Clifton,MALE,269-35-2252,83591538322854
Leda,Auer,DVM,Leda,MALE,794-11-8323,37895663753259
Ryan,Goodwin,MD,Ryan,MALE,748-78-8762,22119885183768
Wyman,NULL,Shields,Wyman,FEMALE,861-52-3519,86144543382598
Tyrell,NULL,Ankunding,Tyrell,MALE,747-89-6166,52421932871231
Rush,NULL,Wilkinson,Rush,MALE,233-35-6679,79841341149752
Miles,NULL,Gleichner,Miles,MALE,271-68-0228,46381235166883
Kolton,NULL,Upton,Kolton,FEMALE,536-79-4931,13172939528256
Lavera,Schmidt,DDS,Lavera,FEMALE,383-52-3463,91792992146149
Hanna,Balistreri,MD,Hanna,MALE,726-50-8564,84525187826252
Brenton,NULL,Ebert,Brenton,FEMALE,251-03-9933,76641986715525
Carlee,NULL,Paucek,Carlee,MALE,839-82-7662,58361492371883
Blas,Kautzer,V,Blas,FEMALE,638-16-9807,94224361181258
Timothy,NULL,Wintheiser,Timothy,FEMALE,655-14-0101,89582223625223
Forrest,NULL,Howell,Forrest,FEMALE,811-65-1873,88184927156753
Eliot,NULL,Welch,Eliot,MALE,302-45-8473,79964865197641
Lucero,NULL,Mayer,Lucero,FEMALE,124-22-2435,12953875713453
Tena,NULL,Rath,Tena,FEMALE,465-10-3805,92475791134284
Mont,NULL,Donnelly,Mont,FEMALE,877-55-2324,65752355952719
Oran,NULL,Kuvalis,Oran,FEMALE,706-91-8780,43585363828876
Juliann,Walter,DDS,Juliann,FEMALE,126-36-9593,58647192359553
Eloise,NULL,Erdman,Eloise,MALE,811-86-4922,28632949329895
Trace,NULL,Becker,Trace,FEMALE,750-94-8175,33545675682642
Carlene,NULL,Bailey,Carlene,FEMALE,197-82-2611,33386292568378
Enrico,NULL,Mante,Enrico,MALE,243-35-2550,74731947575646
Rhea,NULL,Mitchell,Rhea,FEMALE,633-29-6590,59543742868647
Janyce,NULL,Armstrong,Janyce,FEMALE,452-49-0778,78886713341525
Kalen,Kilback,PhD,Kalen,FEMALE,584-68-9544,58622417461887
Guy,NULL,Padberg,Guy,FEMALE,698-66-0920,43362476754655
Terese,NULL,Botsford,Terese,FEMALE,064-42-8937,88556929539592
Billye,NULL,Douglas,Billye,FEMALE,269-46-2889,22765237952915
Gino,Bernhard,V,Gino,FEMALE,789-25-0963,29177248783985
Tenika,Ernser,DVM,Tenika,MALE,792-43-2908,18987277749156
Dicy,NULL,Murphy,Dicy,FEMALE,533-88-1913,12463859921725
Cari,NULL,Sanford,Cari,FEMALE,573-23-2512,79452279579614
Miss,Charla,Dietrich,Miss,MALE,891-40-6653,93642473651599
Rufus,Price,III,Rufus,MALE,839-21-8504,53464342545374
Charle,NULL,Wehner,Charle,MALE,393-88-1455,52152472779894
Loy,NULL,Tremblay,Loy,MALE,805-44-9066,17222364845464
Miss,Justine,Koss,Miss,MALE,671-83-9136,48986215888342
Kianna,McCullough,DVM,Kianna,FEMALE,650-61-2524,24148467159787
Rudy,NULL,Kohler,Rudy,FEMALE,093-83-0045,81354381928911
Zela,NULL,Kub,Zela,FEMALE,764-12-8305,28635983753147
Miss,Dellia,Hagenes,Miss,FEMALE,062-55-7431,38374965855275
Eula,NULL,Jerde,Eula,FEMALE,744-27-9564,57926913279292
Miss,Noel,Bechtelar,Miss,FEMALE,235-52-8711,96741155485232
Aniyah,NULL,Waelchi,Aniyah,FEMALE,870-48-9934,72925474392251
Jazmin,NULL,Roob,Jazmin,MALE,179-09-2156,39731497753477
Dusty,Oberbrunner,PhD,Dusty,FEMALE,442-29-0409,25527735643673
Grayling,NULL,D'Amore,Grayling,MALE,197-20-3425,21768329688878
Ludie,Kunde,DDS,Ludie,MALE,322-28-4611,87883586967127
Shelbie,NULL,Conn,Shelbie,MALE,617-10-0168,88686653338616
Harvie,Stroman,MD,Harvie,FEMALE,756-49-2901,97166439432166
Kelly,NULL,Luettgen,Kelly,MALE,594-29-4189,17975268148422
Esau,NULL,Casper,Esau,MALE,219-75-1116,52861922774932
Hampton,NULL,Armstrong,Hampton,FEMALE,303-43-8900,17947697639764
Sherman,NULL,Roberts,Sherman,MALE,388-41-8630,71625599459788
Jonna,NULL,Barrows,Jonna,MALE,156-14-3084,75374438943659
Glennis,NULL,Lueilwitz,Glennis,MALE,390-82-6635,22174734579282
Vinton,NULL,Rath,Vinton,FEMALE,183-49-7716,67883599242184
Landyn,NULL,Runolfsdottir,Landyn,MALE,183-81-0632,49786557478372
Dayle,NULL,Treutel,Dayle,MALE,800-90-9807,38472435984664
Alissa,NULL,Abbott,Alissa,MALE,007-35-7923,75882674343651
Hal,NULL,Bosco,Hal,MALE,444-76-7992,48869934812495
Laurine,NULL,Moore,Laurine,MALE,292-06-3177,79976425791581
Melody,NULL,Shanahan,Melody,FEMALE,010-43-9566,41552764391115
Versa,NULL,Kirlin,Versa,FEMALE,372-19-0321,54953672351793
Mikaila,NULL,Heller,Mikaila,FEMALE,825-98-4876,36786424888548
Ethelbert,NULL,Hammes,Ethelbert,FEMALE,834-45-4606,14279988862592
Marrion,NULL,Hackett,Marrion,MALE,672-89-0369,83581979358427
Jarad,NULL,Paucek,Jarad,MALE,305-87-4375,71435663168987
Sincere,NULL,Barrows,Sincere,FEMALE,185-31-1862,71559417819936
Zelma,NULL,Shields,Zelma,FEMALE,263-30-2477,52663968419221
Worley,NULL,Smith,Worley,FEMALE,016-90-3379,83572961699613
Cleave,NULL,Satterfield,Cleave,FEMALE,377-38-6046,23465289246617
Adolf,NULL,Bradtke,Adolf,MALE,322-74-9928,49494695168882
Kris,NULL,Buckridge,Kris,MALE,554-58-6401,82612489897999
Benson,NULL,Pouros,Benson,FEMALE,243-02-8681,79238763487387
Aydan,NULL,Beatty,Aydan,FEMALE,465-38-5094,64322196414366
Marni,NULL,Prohaska,Marni,MALE,140-50-4831,59938645571275
Logan,NULL,Konopelski,Logan,FEMALE,704-90-9052,13381164689717
Clifton,NULL,Reilly,Clifton,FEMALE,461-75-9901,89593358672665
Aloys,NULL,Cole,Aloys,FEMALE,699-24-3054,56963667629572
Valerie,Pouros,PhD,Valerie,FEMALE,049-42-3259,85211931927999
Freddie,NULL,Gislason,Freddie,MALE,091-05-5454,93317742946713
Mariana,NULL,Toy,Mariana,FEMALE,317-30-3019,35389114448591
Melbourne,NULL,Williamson,Melbourne,MALE,075-58-4894,11683932665418
Bernardine,NULL,Lebsack,Bernardine,FEMALE,512-62-3961,43551324536945
Braylon,NULL,Baumbach,Braylon,MALE,471-86-8118,62962367497859
Miss,Giovanna,Dickens,Miss,MALE,800-47-2178,18451221397278
Ava,NULL,Bogan,Ava,MALE,559-83-7857,16512218889625
Harlan,NULL,Carroll,Harlan,MALE,424-85-9354,38197417676249
Belton,NULL,Stracke,Belton,MALE,735-95-9353,36293546298315
Mallie,O'Reilly,DVM,Mallie,FEMALE,304-67-9548,21387212342349
Les,NULL,Hyatt,Les,MALE,486-33-7336,95465974172263
Conrad,NULL,Roob,Conrad,FEMALE,840-92-2077,91541236963585
Cyndi,Hegmann,DDS,Cyndi,FEMALE,386-74-4225,26752385725241
Faye,NULL,Runte,Faye,MALE,699-79-7859,48664866151472
Lisette,NULL,Hand,Lisette,FEMALE,446-52-2042,43248359514357
Shirleyann,Borer,DDS,Shirleyann,MALE,069-90-2393,45149261883982
Jovanny,NULL,Graham,Jovanny,MALE,393-64-3211,49467537869447
Mat,Crona,II,Mat,MALE,876-66-0594,41828425427798
Amin,NULL,Corwin,Amin,MALE,142-32-6505,68541484774577
Miss,Margret,Rath,Miss,MALE,873-73-9469,83682221983871
Orie,NULL,Skiles,Orie,FEMALE,583-75-0423,79574419419718
Patience,NULL,Farrell,Patience,MALE,393-81-6097,15496632934144
Natasha,NULL,Howell,Natasha,FEMALE,442-51-6850,41858151916916
Buren,NULL,Lang,Buren,FEMALE,321-72-3710,61399963368573
Elick,Nitzsche,DVM,Elick,FEMALE,833-10-5867,56143732165864
Timothy,Stiedemann,V,Timothy,FEMALE,832-25-4444,12867519259298
Myah,NULL,Reinger,Myah,FEMALE,078-88-6394,73927881157832
Jaymes,NULL,Kautzer,Jaymes,FEMALE,491-14-4025,73579362563564
Zechariah,Hane,DDS,Zechariah,MALE,884-94-1800,12534969933968
Elizbeth,NULL,Dickinson,Elizbeth,MALE,618-43-5747,64542727263884
Anson,NULL,Barton,Anson,FEMALE,686-48-0220,76723769187169
Deann,NULL,Purdy,Deann,MALE,630-23-6087,31767578441728
Charlotte,NULL,Swaniawski,Charlotte,FEMALE,071-89-3217,75868891485838
Fletcher,NULL,Pollich,Fletcher,MALE,470-46-0814,89711679448763
Tennessee,NULL,Donnelly,Tennessee,MALE,222-77-5427,51671934847597
Cathryn,NULL,Boyer,Cathryn,MALE,645-95-8909,61534739561958
Odus,NULL,Schultz,Odus,MALE,687-19-7580,26362767487956
Siobhan,NULL,Tillman,Siobhan,FEMALE,638-77-1193,28958663673758
Kris,NULL,McCullough,Kris,MALE,824-05-4620,91182372458148
Odelia,NULL,Greenholt,Odelia,MALE,158-74-5289,94234611741177
Bryce,NULL,Kunde,Bryce,FEMALE,250-25-0771,67662342385669
Arlan,NULL,Labadie,Arlan,FEMALE,374-11-2425,53419254113292
Marcela,NULL,Kreiger,Marcela,MALE,764-63-0198,29655581839686
Laylah,Brekke,MD,Laylah,FEMALE,874-68-5259,41476727418686
Merrill,NULL,Dickens,Merrill,FEMALE,426-14-1944,77669459328939
Cain,NULL,Hammes,Cain,FEMALE,635-36-0627,95713244671748
Dominique,NULL,Streich,Dominique,FEMALE,622-68-5806,67991161275883
Emaline,NULL,Swift,Emaline,MALE,505-50-8601,42943229346126
Cherish,NULL,Cummerata,Cherish,MALE,891-57-2259,52186653716912
Patti,NULL,Franecki,Patti,FEMALE,194-62-0221,32312564111913
Ayla,Goldner,PhD,Ayla,FEMALE,215-17-3204,19454956117813
Maeve,NULL,Brown,Maeve,FEMALE,479-32-1611,78718956132388
Dania,Quigley,DDS,Dania,MALE,644-14-6431,65812363163991
Caylee,NULL,Dicki,Caylee,FEMALE,400-97-1501,59132512431252
Zora,NULL,Crist,Zora,FEMALE,540-27-8200,19554868951793
Clemma,NULL,Hermiston,Clemma,FEMALE,541-30-7076,55433688385114
Miss,Jule,Toy,Miss,FEMALE,392-89-9840,73866659285979
Jeanetta,Moore,PhD,Jeanetta,MALE,441-32-4919,37522436382314
Lori,NULL,Jerde,Lori,MALE,446-61-6330,93616731524386
Paxton,NULL,O'Keefe,Paxton,FEMALE,380-14-4529,63188938124848
Mandie,NULL,Champlin,Mandie,MALE,619-92-8762,58157426946761
Tyson,NULL,Walter,Tyson,FEMALE,859-43-6743,87437813428766
Darrell,NULL,Corwin,Darrell,FEMALE,409-48-0300,33432721996795
Lashawn,NULL,Pacocha,Lashawn,FEMALE,405-49-6634,82127759792338
Dessie,Kuphal,V,Dessie,FEMALE,635-72-5019,11337147949328
Wilmer,NULL,Emard,Wilmer,FEMALE,396-91-0114,35223412746738
Verne,NULL,Johnson,Verne,FEMALE,026-31-4042,46853145438821
Channie,Kilback,PhD,Channie,FEMALE,504-09-3906,99314848613963
Olan,NULL,Mertz,Olan,MALE,006-20-9293,78277642195685
Oliver,NULL,Greenholt,Oliver,MALE,088-42-0605,49782341412149
Denzell,NULL,Terry,Denzell,FEMALE,280-96-8655,77269979299979
Arlie,NULL,Dare,Arlie,FEMALE,857-90-4457,78534138981589
Lynwood,NULL,Treutel,Lynwood,MALE,467-93-7991,86874626529779
Michael,NULL,Gutkowski,Michael,FEMALE,441-68-9329,88672348651419
Cinthia,NULL,Pouros,Cinthia,FEMALE,376-62-7030,38788659525783
Siddie,NULL,Runte,Siddie,MALE,004-18-7371,37949156882237
Shade,NULL,Lakin,Shade,FEMALE,133-94-5707,96714681729788
Ainsley,NULL,Lakin,Ainsley,FEMALE,766-06-5156,67988374664591
Miss,Karley,Effertz,Miss,FEMALE,354-94-0315,24623398593449
Clarissa,NULL,Smitham,Clarissa,MALE,479-60-0428,82738994121548
Elinor,NULL,Schimmel,Elinor,FEMALE,006-48-6054,56774274288113
Shana,NULL,Herman,Shana,FEMALE,116-99-2272,84949254254524
Delma,NULL,Anderson,Delma,FEMALE,166-51-1494,98841735367994
Santo,NULL,Bahringer,Santo,FEMALE,033-20-1886,33939148193782
Miss,Kerry,Abernathy,Miss,MALE,082-25-5024,29364865918658
Clytie,NULL,Orn,Clytie,MALE,214-80-3090,66381846774764
Zoie,NULL,Dibbert,Zoie,FEMALE,131-65-0788,46216298339349
Raquel,Jakubowski,DDS,Raquel,MALE,459-10-1130,46758624256842
Rashaan,NULL,Gleason,Rashaan,FEMALE,885-68-1004,89355793849148
Adah,Lang,DVM,Adah,MALE,175-86-1324,69496454549672
Deeann,NULL,Mraz,Deeann,MALE,688-21-9706,75533543989559
Gennie,NULL,Krajcik,Gennie,MALE,776-34-7110,33682339231436
Add,NULL,Mayert,Add,MALE,897-15-7717,43492692957222
Candyce,NULL,Deckow,Candyce,FEMALE,472-10-8849,24119427792745
Edris,NULL,Waelchi,Edris,MALE,766-33-1611,52367516349353
Ronal,NULL,Funk,Ronal,FEMALE,717-28-3841,41768379269995
Devon,Grimes,MD,Devon,FEMALE,359-67-9586,28866692631839
Sudie,NULL,Maggio,Sudie,MALE,839-82-6277,74598518272657
Perry,NULL,Koch,Perry,FEMALE,584-44-6519,26743396292346
Letta,NULL,Grant,Letta,FEMALE,239-27-5032,86352474315459
Whitney,Yundt,PhD,Whitney,FEMALE,675-58-8022,52265972976214
Elfreda,NULL,Connelly,Elfreda,MALE,744-10-7070,82196159221436
Aiyana,NULL,Hilpert,Aiyana,FEMALE,137-08-7704,91939862953154
Estel,NULL,Block,Estel,FEMALE,669-23-7849,73294382558817
Janna,NULL,Torp,Janna,FEMALE,277-63-5891,74756147394222
Gauge,Mitchell,I,Gauge,FEMALE,292-19-5547,71854585411286
Liliana,NULL,Kunde,Liliana,MALE,378-48-6136,71699748659445
Theola,NULL,Herzog,Theola,FEMALE,169-73-3826,99566938544999
Beaulah,NULL,Heller,Beaulah,FEMALE,538-46-6700,15332274656613
Cliff,NULL,Green,Cliff,MALE,525-63-5413,99166389753185
Elberta,NULL,Dietrich,Elberta,MALE,276-23-5698,68952511264416
Hilbert,NULL,Hauck,Hilbert,MALE,069-78-8697,62942634498718
Abe,NULL,Stroman,Abe,MALE,271-80-0988,77487123149553
Angelo,Langosh,I,Angelo,FEMALE,651-77-1860,81543759371614
Alessandro,NULL,Waelchi,Alessandro,FEMALE,078-04-1829,59775678824678
Tavares,Schmitt,DVM,Tavares,FEMALE,432-51-6222,26629729473859
Cheyenne,NULL,Roberts,Cheyenne,FEMALE,611-94-5578,51816264954422
Kenneth,NULL,Lind,Kenneth,MALE,044-04-3611,21723473684866
Beryl,NULL,Boehm,Beryl,MALE,681-72-5152,95675825491595
Whit,Kiehn,III,Whit,FEMALE,227-86-7877,85213914816652
Sandy,NULL,Dare,Sandy,MALE,053-46-9300,93447528166663
Hector,NULL,Gaylord,Hector,FEMALE,877-81-8319,24175964235295
Tiarra,NULL,Satterfield,Tiarra,MALE,711-47-1504,74166922776471
Metta,Toy,PhD,Metta,FEMALE,590-40-6090,68846375666611
Ura,NULL,Schoen,Ura,FEMALE,218-77-2824,63121893615496
Elma,NULL,Boyer,Elma,MALE,243-35-6843,72181627785771
Theodora,Raynor,PhD,Theodora,FEMALE,329-43-0837,89538732322645
Menachem,NULL,Hermiston,Menachem,MALE,136-03-4980,37367654528332
Katlyn,NULL,Stark,Katlyn,MALE,756-79-7611,14943664141317
Matthias,Bauch,MD,Matthias,FEMALE,629-13-0067,51625953285667
Donia,NULL,Mosciski,Donia,MALE,406-03-5436,45855317696395
Carl,NULL,Frami,Carl,MALE,755-54-3722,86759974841285
Reason,Hyatt,DVM,Reason,FEMALE,879-73-6099,45155764148896
Bethzy,Roberts,PhD,Bethzy,MALE,895-47-1553,26585572427913
Hakim,NULL,Spencer,Hakim,FEMALE,130-41-6957,56996919279268
Latoria,NULL,O'Reilly,Latoria,FEMALE,328-67-5100,62837496821276
Anibal,NULL,Jast,Anibal,MALE,176-43-9139,37611924271599
Kenzie,NULL,Wolf,Kenzie,MALE,576-93-1790,61965279693274
Albertine,NULL,Ledner,Albertine,MALE,876-86-2347,16793536757593
Shirlie,NULL,Kerluke,Shirlie,MALE,288-15-3857,61396738391884
Adell,NULL,Murazik,Adell,FEMALE,437-20-8676,75534866374293
Omar,Romaguera,DVM,Omar,MALE,388-32-6772,57414257814783
Ivana,Hills,MD,Ivana,MALE,401-76-9756,21995374333774
Lylah,Cronin,MD,Lylah,MALE,189-60-7957,53238799933925
Juli,NULL,Hamill,Juli,FEMALE,013-76-7432,72299566173353
Demetri,NULL,Lind,Demetri,FEMALE,290-27-9355,86468219962228
Zada,NULL,Wolff,Zada,FEMALE,004-24-0379,57572979469856
Myles,NULL,Strosin,Myles,FEMALE,217-08-7438,99253447115447
Virgel,NULL,Medhurst,Virgel,FEMALE,556-86-5454,17747794416784
Abbigail,NULL,Quitzon,Abbigail,FEMALE,597-63-1229,72373431441315
Simpson,NULL,Davis,Simpson,FEMALE,609-71-8209,97411441933519
Gaylen,NULL,Padberg,Gaylen,MALE,129-70-4339,64472329925625
Romie,NULL,Kutch,Romie,FEMALE,713-14-2844,46386692198543
Mckinley,NULL,Bernhard,Mckinley,MALE,782-65-7021,24466655469558
Erlinda,NULL,Morar,Erlinda,FEMALE,740-38-2295,51179848418549
Gus,NULL,Kuhn,Gus,MALE,106-13-9835,25597393332343
Kristen,Ledner,DVM,Kristen,MALE,456-08-6734,31198815676479
Timothy,NULL,Weissnat,Timothy,MALE,311-60-8307,67275193851913
Nilda,NULL,Goldner,Nilda,FEMALE,593-91-7424,62949783812259
Rollin,NULL,Purdy,Rollin,FEMALE,863-49-8616,48585881264454
Blaine,NULL,Mosciski,Blaine,FEMALE,382-45-4096,53884448624848
Keesha,NULL,Wolf,Keesha,MALE,059-64-2292,89179752863231
Wayne,NULL,Bernhard,Wayne,MALE,010-27-6864,13917344531332
Keyon,NULL,O'Keefe,Keyon,FEMALE,144-29-2081,82333431438694
Gilman,NULL,Crooks,Gilman,MALE,451-62-7335,83423681415833
Antone,NULL,Davis,Antone,MALE,708-88-8839,47591813149587
Yandel,NULL,Stiedemann,Yandel,FEMALE,874-92-6939,24911553274312
Matteo,NULL,Douglas,Matteo,MALE,665-56-9375,49141769186686
Alek,NULL,Mitchell,Alek,FEMALE,425-98-0724,35538649262953
Terri,Hermann,PhD,Terri,FEMALE,509-39-8231,58887855721913
Chelsy,Lehner,DDS,Chelsy,FEMALE,864-19-8218,89719834254938
Krissy,NULL,Lindgren,Krissy,MALE,564-73-2937,11249567298599
Cleave,Rolfson,MD,Cleave,MALE,056-94-0113,32666255764614
Miss,Jannette,Stark,Miss,FEMALE,109-97-3084,31418347726336
Shyann,NULL,Maggio,Shyann,MALE,393-86-1954,91767647311698
Kirstin,NULL,Gottlieb,Kirstin,FEMALE,092-23-7580,41672281394277
Mckinley,NULL,Murray,Mckinley,FEMALE,491-38-8071,21335483338456
Haiden,NULL,Stamm,Haiden,FEMALE,318-16-5656,91664735598585
Leonore,Beer,MD,Leonore,MALE,373-44-9825,41382924113489
Holland,NULL,Parisian,Holland,MALE,257-86-5481,27324833437669
Deandre,NULL,McLaughlin,Deandre,FEMALE,640-01-7784,47697558945126
Baron,Mosciski,II,Baron,FEMALE,521-97-0553,69749523728958
Carley,Kohler,DVM,Carley,MALE,389-38-6545,98595133134317
Aloma,NULL,Donnelly,Aloma,FEMALE,695-36-3637,37674871493226
Mona,NULL,Schaden,Mona,MALE,839-21-0809,97764711425546
Dock,Parisian,II,Dock,FEMALE,406-86-4199,91319727463412
Denita,NULL,Hansen,Denita,MALE,545-93-8782,26198792899871
Evalena,NULL,Volkman,Evalena,MALE,877-67-1403,48454835454678
Lydia,NULL,Swift,Lydia,MALE,332-26-1736,17858443712571
Evelynn,NULL,Brown,Evelynn,FEMALE,162-97-8756,57414443883929
Tristen,Glover,PhD,Tristen,MALE,713-67-1063,68899591188663
Ozie,NULL,Okuneva,Ozie,MALE,198-27-4422,15251946181428
Bianca,NULL,Adams,Bianca,FEMALE,518-02-3721,93378926393862
Lex,NULL,Kunde,Lex,FEMALE,880-80-3640,96934752348995
Valentino,NULL,Kling,Valentino,MALE,589-61-6424,17577686398694
Maximillian,NULL,Torp,Maximillian,FEMALE,829-90-0218,81666524488714
Heidy,Graham,PhD,Heidy,MALE,101-15-7417,76918215411513
Jahir,NULL,Bernhard,Jahir,FEMALE,519-69-1310,72537391233181
Estella,NULL,Schneider,Estella,FEMALE,075-38-4589,42637943386839
Carlyn,NULL,Raynor,Carlyn,FEMALE,650-23-7077,12732165942726
Jess,Wisoky,Jr.,Jess,FEMALE,182-89-4657,73927122635984
Eben,NULL,Bins,Eben,FEMALE,345-69-8115,82189268164199
Arlen,NULL,Beahan,Arlen,FEMALE,428-64-3767,26415353633643
Essence,Abbott,PhD,Essence,FEMALE,356-36-5214,99688593799248
Banks,NULL,Blick,Banks,FEMALE,072-07-7376,57876891696581
Dorene,NULL,Gislason,Dorene,FEMALE,223-52-8193,72188233692589
Denese,NULL,Kohler,Denese,FEMALE,601-90-4249,58977411897419
Haven,NULL,Wintheiser,Haven,FEMALE,594-47-2832,84934411359882
Ell,NULL,Murazik,Ell,FEMALE,488-15-4218,44682231435376
Magen,NULL,Jacobi,Magen,MALE,048-56-4078,17535582174772
Eliza,NULL,Prohaska,Eliza,FEMALE,809-06-9187,49648667425372
Campbell,NULL,Gleason,Campbell,MALE,718-83-4660,22638512581455
Bena,Wiza,DVM,Bena,FEMALE,749-36-8853,89498369432357
Robley,NULL,Padberg,Robley,MALE,277-42-5209,32246345182538
Chauncey,NULL,Emmerich,Chauncey,FEMALE,742-66-2453,88157745895542
Stella,NULL,Becker,Stella,FEMALE,787-79-8561,96191951875566
Mack,Koepp,IV,Mack,MALE,164-76-0514,28282194519589
Haven,Oberbrunner,II,Haven,MALE,146-42-9443,53441372768313
Kyleigh,NULL,Mertz,Kyleigh,MALE,545-73-8705,12764182212892
Vela,Volkman,PhD,Vela,FEMALE,110-62-0887,13442131929452
Kiley,NULL,O'Reilly,Kiley,MALE,356-40-8221,53444431416753
Jerrie,NULL,Bosco,Jerrie,FEMALE,458-21-5824,22822392813771
Collins,NULL,Kuvalis,Collins,FEMALE,128-09-0142,61157522724769
Winston,NULL,Berge,Winston,MALE,654-58-6416,58241784314242
Hugh,White,IV,Hugh,FEMALE,365-41-7723,49188762321327
Georgia,Reilly,PhD,Georgia,MALE,436-09-6869,94856797766641
Donell,NULL,Shanahan,Donell,MALE,275-27-0119,81137237637369
Tyesha,NULL,Herzog,Tyesha,FEMALE,588-95-1336,13842391321463
Rudolf,NULL,Schumm,Rudolf,MALE,657-43-8098,31361653569976
Felicie,NULL,DuBuque,Felicie,FEMALE,649-37-3408,23489977961669
Consuelo,NULL,Conroy,Consuelo,MALE,315-50-5315,65151318618585
Mirtie,NULL,Pfannerstill,Mirtie,FEMALE,381-70-6562,31571184825152
Shanequa,NULL,McLaughlin,Shanequa,FEMALE,532-50-4315,97196424138726
Lucina,West,PhD,Lucina,FEMALE,623-67-2178,72429851236635
Malinda,Bayer,MD,Malinda,MALE,894-48-3932,46896986277836
Tawanda,NULL,Murazik,Tawanda,MALE,201-57-8677,21277665182598
Reinaldo,NULL,King,Reinaldo,MALE,123-32-0474,97168528561673
Watson,Ernser,DDS,Watson,MALE,060-35-4880,21321842557527
Shon,NULL,Olson,Shon,FEMALE,617-88-7068,46676874894147
Buel,NULL,Walker,Buel,FEMALE,773-75-5628,98765275455578
Jon,NULL,Streich,Jon,FEMALE,192-35-8468,23397637355616
Jakayla,Haag,DDS,Jakayla,MALE,512-86-7452,37576822773719
Giovanny,NULL,Legros,Giovanny,MALE,834-39-1159,77388787293639
Anabella,NULL,Hilpert,Anabella,FEMALE,312-59-8112,34783224433647
Margretta,NULL,Batz,Margretta,MALE,431-20-4725,25898935544477
Billie,NULL,Lockman,Billie,MALE,413-90-6430,84534611435986
Shiloh,Haley,DDS,Shiloh,MALE,511-37-4334,49886161998157
Griffith,NULL,Homenick,Griffith,FEMALE,048-86-2236,26198999395266
Blane,NULL,King,Blane,MALE,447-10-5657,71451893424981
Braxton,NULL,Fadel,Braxton,MALE,137-92-7562,81644887667565
Axel,NULL,Metz,Axel,MALE,108-54-0490,79668686341534
Eli,NULL,Mann,Eli,FEMALE,835-97-9533,11138455952338
Foch,Rohan,III,Foch,FEMALE,512-79-2902,73822166776721
Keyla,NULL,Leannon,Keyla,FEMALE,437-52-2168,43148683837781
Jarrod,NULL,Walsh,Jarrod,MALE,581-68-0582,98125831322481
Amare,NULL,Hamill,Amare,FEMALE,166-17-2282,18777649755358
Lesli,NULL,Paucek,Lesli,MALE,598-39-2759,97872286963978
Kellen,Paucek,DDS,Kellen,MALE,229-47-1675,32722175595796
Mira,Strosin,PhD,Mira,FEMALE,520-04-6399,54892294914964
Caleb,Armstrong,IV,Caleb,FEMALE,017-60-0343,74369855665187
Miguel,NULL,Hilpert,Miguel,MALE,580-28-3263,13489822615271
Nicholas,NULL,Barrows,Nicholas,FEMALE,828-67-8049,29357399718379
Zhane,NULL,Reilly,Zhane,MALE,335-91-8409,41758314853233
Sondra,NULL,McClure,Sondra,FEMALE,517-97-2556,48945782285472
Prudence,NULL,Hodkiewicz,Prudence,MALE,003-61-8327,12442612165493
Connor,NULL,Barton,Connor,FEMALE,713-42-3903,33864685822839
Britni,NULL,Jones,Britni,MALE,735-65-0667,37259936392146
Mohamed,NULL,Cronin,Mohamed,FEMALE,046-34-1271,64996841785632
Natalee,NULL,Maggio,Natalee,FEMALE,137-41-2856,18717137588723
Eulalia,Fay,DVM,Eulalia,MALE,030-41-5782,21355219244936
Steven,Crist,Sr.,Steven,MALE,352-44-4407,73164833712822
Crawford,NULL,Boyle,Crawford,MALE,044-25-1290,69226416341928
Chadrick,NULL,Nikolaus,Chadrick,FEMALE,619-70-0649,69362395931155
Aleta,NULL,Jerde,Aleta,FEMALE,599-66-1789,61537518835425
Gerri,NULL,Paucek,Gerri,FEMALE,588-17-9096,98664287641256
Dayanara,NULL,Vandervort,Dayanara,FEMALE,786-74-3920,52468516147869
Asberry,NULL,Schuppe,Asberry,MALE,662-50-1544,89237639352526
Krystle,NULL,Jerde,Krystle,MALE,870-28-0385,29123161264812
Norman,NULL,Block,Norman,MALE,444-56-6633,13122586346587
Jamila,NULL,Lubowitz,Jamila,FEMALE,588-91-3074,17492613369242
Bruno,NULL,O'Keefe,Bruno,FEMALE,472-26-3417,14744737626374
Corbett,NULL,Pfeffer,Corbett,FEMALE,473-22-2114,55125953921839
Audy,NULL,Kuhlman,Audy,MALE,137-77-0620,57799812738579
Cristobal,Russel,I,Cristobal,MALE,073-45-1309,93229466577584
Hunter,NULL,Rogahn,Hunter,MALE,151-91-5286,42853511711659
Tavon,NULL,Abernathy,Tavon,MALE,701-83-6281,46623395136293
Annabella,Stamm,DDS,Annabella,FEMALE,414-85-9073,67925554263287
Giles,NULL,Abshire,Giles,FEMALE,824-52-0778,64973982698435
Vennie,NULL,Boyer,Vennie,FEMALE,069-72-2741,36269969213661
Littie,NULL,Bednar,Littie,FEMALE,189-43-5669,35282127968185
Krissy,Bayer,DDS,Krissy,MALE,371-56-9949,96974746124696
Irvine,NULL,Steuber,Irvine,FEMALE,393-46-5972,64686367583381
Devon,NULL,Beatty,Devon,MALE,295-79-6383,71948985247643
Travis,NULL,Glover,Travis,MALE,771-46-7174,27871431848366
Guadalupe,NULL,Davis,Guadalupe,FEMALE,486-61-2772,71398612663884
Rock,NULL,Auer,Rock,MALE,199-20-7504,54734372199449
Yetta,NULL,Bailey,Yetta,MALE,398-62-0010,85381953268418
Wilda,NULL,Kuhn,Wilda,MALE,260-81-9332,39624368524865
Felipe,NULL,Tillman,Felipe,MALE,303-48-8676,67588398879763
Kole,NULL,Howell,Kole,MALE,172-46-3747,71867295739878
Bernita,NULL,Kunde,Bernita,FEMALE,518-28-7384,79246222492789
Jammie,NULL,Rosenbaum,Jammie,FEMALE,123-31-9577,64844647295841
Susie,Heathcote,DVM,Susie,FEMALE,067-01-1656,26949689375989
Almond,Homenick,DDS,Almond,MALE,331-83-0995,96136128562246
Juelz,NULL,Schneider,Juelz,FEMALE,251-66-8405,27475143819793
Hakim,NULL,Yost,Hakim,MALE,451-79-9820,61488198255314
Shelby,Bernier,DVM,Shelby,MALE,349-52-0568,81417887113473
Dora,NULL,Mayer,Dora,MALE,706-71-1687,31128591817563
Jarett,NULL,Spencer,Jarett,FEMALE,470-72-3436,76482443651887
Dorr,NULL,Gaylord,Dorr,MALE,409-77-7872,97932743518996
Davonta,NULL,Stark,Davonta,MALE,342-33-7249,95127847997715
Virge,Parisian,DDS,Virge,FEMALE,082-99-3703,26757127787884
Florence,Batz,PhD,Florence,FEMALE,884-78-4770,35189166465811
Cleon,Wisoky,DVM,Cleon,FEMALE,261-92-0595,13477333952777
Damarion,NULL,Kessler,Damarion,FEMALE,060-46-3930,55187981865933
Bernice,NULL,Robel,Bernice,FEMALE,167-18-9676,78735912917429
Jennings,NULL,Hegmann,Jennings,FEMALE,503-38-6361,83416421212318
Lowell,Mitchell,Sr.,Lowell,MALE,378-97-9711,97373512566883
Madilynn,NULL,Bayer,Madilynn,MALE,573-35-4648,21248697421949
Loyd,Abbott,III,Loyd,FEMALE,606-49-2278,43414531952225
Shantell,NULL,Blanda,Shantell,FEMALE,623-22-7192,82228164456693
Brown,NULL,Harris,Brown,FEMALE,585-96-7455,52938672431529
Ennis,NULL,Huels,Ennis,MALE,611-77-7765,67828467343683
Jayda,Lesch,PhD,Jayda,MALE,633-42-8031,83926473132363
Carleton,NULL,Flatley,Carleton,MALE,042-26-8686,89357632937235
Sebrina,Nikolaus,MD,Sebrina,FEMALE,150-07-0476,91227658367631
Danniel,NULL,Gleichner,Danniel,FEMALE,762-98-4533,74169637422184
Ronnie,NULL,White,Ronnie,FEMALE,519-11-7375,53699125115693
Justyn,NULL,Stoltenberg,Justyn,FEMALE,835-87-1759,72455153189385
Kelan,NULL,Cartwright,Kelan,MALE,438-47-2609,63711474549261
Burt,NULL,Mitchell,Burt,FEMALE,001-48-0669,57942347134815
Brown,NULL,Sipes,Brown,MALE,004-20-0260,98782447124781
Debi,NULL,Cormier,Debi,FEMALE,372-38-3085,92965512686665
Douglass,NULL,Emard,Douglass,FEMALE,531-98-7745,37166753585383
Deacon,NULL,Daniel,Deacon,MALE,391-21-9773,84731955852176
Dereck,NULL,Braun,Dereck,FEMALE,696-72-4612,74211658265942
Rosabelle,NULL,Cummings,Rosabelle,FEMALE,591-83-5026,79387743729571
Norris,Hodkiewicz,V,Norris,MALE,431-38-8173,49485264313481
Dereon,NULL,Klocko,Dereon,MALE,156-13-0357,89518927117887
Marley,NULL,Wolf,Marley,FEMALE,075-53-8441,96225557281933
Isidore,Veum,Sr.,Isidore,FEMALE,560-46-1351,91713994396947
Tod,NULL,Gorczany,Tod,MALE,628-29-6003,52999493718813
Camryn,Abbott,PhD,Camryn,FEMALE,152-67-8807,11483913682934
Phylis,Jenkins,MD,Phylis,FEMALE,420-05-6686,12259676193577
Etha,NULL,Wolff,Etha,MALE,050-06-9469,42137271712636
Tillman,NULL,DuBuque,Tillman,MALE,185-68-6201,67794835374795
Charly,NULL,King,Charly,MALE,468-63-4037,68632967619544
Sullivan,NULL,Reichert,Sullivan,MALE,447-01-3936,47484972522135
Raegan,Denesik,DVM,Raegan,MALE,499-52-6386,88819175543476
Adolf,NULL,Harvey,Adolf,FEMALE,303-49-8377,17717637958955
Denver,NULL,Considine,Denver,MALE,012-60-0059,66369771713772
Tammy,Stracke,MD,Tammy,FEMALE,396-07-1041,99842524756111
Derald,NULL,Block,Derald,FEMALE,888-89-7420,51486984185816
Demetrios,NULL,Bosco,Demetrios,FEMALE,084-27-6912,62165653827291
Alondra,NULL,Renner,Alondra,MALE,732-37-3106,15745973775498
Cali,Wintheiser,MD,Cali,FEMALE,085-49-2228,93961828596754
Selmer,Durgan,DDS,Selmer,MALE,126-75-5434,45563389549652
Brittny,NULL,Towne,Brittny,FEMALE,454-44-6010,58346562132822
Imani,Spencer,DDS,Imani,FEMALE,739-72-5858,74865566834219
Lily,NULL,Beatty,Lily,MALE,762-78-9616,24148341179297
Jarred,NULL,Keebler,Jarred,FEMALE,505-25-8168,77131171933528
Lynsey,Botsford,DDS,Lynsey,FEMALE,182-63-4598,13866549552262
Danyell,NULL,Keeling,Danyell,FEMALE,832-08-5243,65496211741321
Mindy,Upton,MD,Mindy,MALE,456-71-3734,82433168945973
Birdie,Auer,DDS,Birdie,MALE,566-28-3719,18492625516494
Campbell,NULL,Balistreri,Campbell,FEMALE,740-51-5211,41698284234481
Auston,NULL,Schulist,Auston,FEMALE,506-28-7542,96614439935317
Jessee,NULL,Wolf,Jessee,FEMALE,527-18-7061,84737259421669
Hertha,NULL,Runte,Hertha,FEMALE,304-57-1796,91112844321589
Tate,NULL,Tillman,Tate,MALE,274-81-3192,73219241196159
Halie,NULL,Stroman,Halie,MALE,646-77-3735,32683737374931
Izola,NULL,Gibson,Izola,FEMALE,826-45-8523,14298866257151
Doshie,NULL,Bechtelar,Doshie,FEMALE,644-98-5063,59121677596639
Hyrum,NULL,Greenfelder,Hyrum,MALE,515-69-2768,23283512367172
Deforest,Runolfsson,MD,Deforest,FEMALE,550-16-6444,44138897149123
Bernetta,Daugherty,PhD,Bernetta,MALE,745-22-5634,91656574238621
Ronna,NULL,Mann,Ronna,MALE,016-10-8762,86841723229778
Brantley,NULL,Kuhn,Brantley,FEMALE,828-63-5195,31645654382478
Jayson,NULL,Ernser,Jayson,FEMALE,313-37-4857,97265427457351
Adyson,NULL,Mraz,Adyson,MALE,603-72-9669,92463727517941
Gina,NULL,Nolan,Gina,FEMALE,126-87-7310,46859231232872
Miss,Monique,Little,Miss,MALE,485-01-0666,56787523451546
Jovany,NULL,Klein,Jovany,MALE,873-01-3282,33659375348447
Stormy,NULL,Hackett,Stormy,FEMALE,821-02-1254,59573184214738
Mikayla,NULL,Ward,Mikayla,MALE,533-05-2757,51629342245498
Montana,NULL,Lueilwitz,Montana,FEMALE,341-72-0213,51646115997831
Dove,NULL,Breitenberg,Dove,FEMALE,517-75-1225,82713613914421
Blanchie,NULL,Emmerich,Blanchie,MALE,068-19-1772,72997379262953
Georgine,Goldner,DDS,Georgine,MALE,405-82-3484,49985882829697
Bruce,NULL,Wilkinson,Bruce,MALE,001-91-0942,35919817164113
Susanna,NULL,Hudson,Susanna,FEMALE,181-59-4229,43398538783493
Ester,NULL,Fisher,Ester,MALE,514-59-8592,56923212279271
Ximena,NULL,Boehm,Ximena,FEMALE,522-32-7237,56991673899461
Kole,NULL,Lueilwitz,Kole,FEMALE,758-94-4273,66662359582531
Anastasia,Wehner,MD,Anastasia,MALE,034-31-4975,97718196684557
Roni,Kertzmann,DDS,Roni,MALE,678-15-4674,61766253392676
Florida,NULL,Miller,Florida,MALE,650-57-4847,95945989535823
Corie,NULL,Hane,Corie,FEMALE,352-07-9025,47254223959656
Miss,Nanie,Jenkins,Miss,FEMALE,537-79-4204,39246589954344
Ieshia,NULL,Barrows,Ieshia,MALE,360-88-0674,69527162129374
Marni,NULL,Bode,Marni,MALE,855-79-0526,38399762623772
Willian,Sauer,Jr.,Willian,FEMALE,727-28-0302,19977929961364
Sannie,NULL,Vandervort,Sannie,FEMALE,576-02-9150,74166192455817
Mauricio,NULL,Wolf,Mauricio,MALE,308-47-3578,54554462981921
Ralph,NULL,Bosco,Ralph,FEMALE,874-67-8556,69821942787158
Suzette,NULL,Huels,Suzette,MALE,195-07-2416,68737199567333
Ottilia,NULL,Sipes,Ottilia,MALE,060-23-3807,84918995272868
Yolanda,NULL,Maggio,Yolanda,MALE,504-69-3329,41786695726783
Etter,O'Keefe,MD,Etter,MALE,235-06-4349,31771714817773
Karyn,NULL,Rutherford,Karyn,MALE,787-23-1622,55775998798242
Blanchard,Russel,Jr.,Blanchard,FEMALE,369-67-4575,92766171311531
Raven,NULL,Littel,Raven,FEMALE,781-58-3905,69647783489965
Maddox,NULL,McClure,Maddox,MALE,275-03-8493,39756325139441
Girtha,NULL,Gutkowski,Girtha,MALE,187-85-0572,39336269581464
Joni,NULL,Bahringer,Joni,MALE,593-08-9432,73237276218371
Gregorio,NULL,Kunde,Gregorio,MALE,309-80-2886,73488576582454
Elwanda,NULL,Macejkovic,Elwanda,FEMALE,242-50-7560,33312557198993
Mckinley,NULL,Torp,Mckinley,FEMALE,799-30-8997,28389744391117
Ishaan,NULL,Kautzer,Ishaan,FEMALE,388-45-2852,83752778517936
Miss,Anais,Anderson,Miss,FEMALE,229-52-0547,36925868635491
Madison,NULL,Hettinger,Madison,MALE,599-08-7318,19863664849684
Antonia,NULL,Heathcote,Antonia,FEMALE,595-20-1221,52417959858171
Jazmyne,NULL,Sporer,Jazmyne,FEMALE,275-06-4601,53838476813791
Branch,Rohan,V,Branch,FEMALE,205-99-5612,58591849446313
Dedric,NULL,Beer,Dedric,FEMALE,455-69-7072,54223724832242
Bennie,NULL,Rolfson,Bennie,MALE,284-91-4149,96717924615766
Iris,Greenholt,MD,Iris,MALE,040-98-1885,54952843235282
Jamir,NULL,McKenzie,Jamir,MALE,548-27-6829,93474455826879
Jamey,NULL,Moen,Jamey,MALE,123-94-7358,94274643132751
Omie,Senger,DVM,Omie,MALE,854-96-1577,55788629872352
Malakai,NULL,Kihn,Malakai,FEMALE,591-51-2425,53839667272412
Jens,Adams,I,Jens,FEMALE,731-27-4251,32125397532368
Alexis,NULL,DuBuque,Alexis,FEMALE,090-40-9980,43648645683938
Caydence,NULL,Brown,Caydence,FEMALE,846-68-6646,38884713638617
Mae,NULL,Jacobs,Mae,FEMALE,484-10-8239,62717493835251
Kiersten,NULL,Ebert,Kiersten,MALE,398-25-9673,32634432468158
Tiera,Gorczany,MD,Tiera,FEMALE,231-01-5283,92915133312663
Dawna,Dooley,DDS,Dawna,MALE,170-05-2241,93696321667916
Rexford,NULL,Greenholt,Rexford,MALE,721-16-8260,61125975827528
Tremaine,NULL,Deckow,Tremaine,FEMALE,499-88-4587,34548367235158
Liz,NULL,Barton,Liz,MALE,368-03-3128,11331421238431
Reynaldo,NULL,Johnson,Reynaldo,FEMALE,831-05-5560,63125146847259
Melton,NULL,Koch,Melton,FEMALE,155-37-3201,92331571483629
Carmel,NULL,Kuhic,Carmel,FEMALE,749-06-6375,99341685812511
Theodosia,Farrell,DVM,Theodosia,MALE,505-93-7762,14295645586464
Murray,NULL,Herzog,Murray,MALE,040-33-2932,97154865162443
Ben,NULL,Wolf,Ben,MALE,670-41-5658,27968194954754
Leighton,Schneider,DVM,Leighton,MALE,873-57-5429,13378621435475
Lyric,NULL,Pagac,Lyric,MALE,199-02-0542,33856348297157
Rube,NULL,Hamill,Rube,FEMALE,800-62-2318,16467236621298
Darien,Olson,IV,Darien,FEMALE,415-80-2066,66868873922285
Shayla,NULL,Abshire,Shayla,FEMALE,001-85-9909,51814491589794
Tatiana,NULL,Corkery,Tatiana,MALE,813-58-5156,16373699319916
Gabriela,NULL,Morar,Gabriela,MALE,824-44-9155,46264297324495
Pallie,NULL,Grant,Pallie,MALE,272-80-7722,55481744334268
Nelia,NULL,Schulist,Nelia,FEMALE,488-33-4657,35249565159614
Murray,Altenwerth,III,Murray,FEMALE,404-53-7416,55488467355928
Anjali,D'Amore,DDS,Anjali,FEMALE,879-42-6469,47137588311733
Tennille,NULL,Witting,Tennille,FEMALE,412-05-9002,25539288469389
Cheyanne,NULL,Marvin,Cheyanne,FEMALE,448-30-8974,67656722332961
Arlie,NULL,Turcotte,Arlie,FEMALE,475-71-6052,15287137948322
Karan,NULL,Carroll,Karan,FEMALE,811-08-4958,56639764239239
Rafe,Wisozk,MD,Rafe,MALE,547-01-5452,88414269819344
Kelan,NULL,Simonis,Kelan,FEMALE,782-94-5095,35124487734225
Lafe,NULL,Conn,Lafe,FEMALE,761-70-3170,13298965136974
Katrina,NULL,Stamm,Katrina,MALE,170-25-5927,64211255964529
Deneen,NULL,Goldner,Deneen,FEMALE,563-06-3796,52295679929266
Nash,NULL,Fadel,Nash,MALE,766-33-1708,91394712624425
Eliana,NULL,Lehner,Eliana,FEMALE,754-75-6946,86922792678514
Dwaine,Wilkinson,III,Dwaine,MALE,755-86-2960,54816855153132
Earlie,Labadie,IV,Earlie,FEMALE,785-45-7407,38679444968536
Sheena,NULL,Larkin,Sheena,FEMALE,078-05-1016,83213742792954
Danna,NULL,Maggio,Danna,MALE,030-13-6505,45642381665579
Dayle,NULL,Hermiston,Dayle,FEMALE,697-70-1479,98983415456428
Raul,NULL,Hagenes,Raul,MALE,841-29-8243,72927255729496
Levy,NULL,Weimann,Levy,FEMALE,116-71-7979,86695147655862
Andrew,Rodriguez,PhD,Andrew,MALE,598-90-5566,32686695267877
Karyl,NULL,Labadie,Karyl,MALE,251-68-8027,59233753225518
Calla,NULL,Mraz,Calla,MALE,676-17-9187,53876197377367
Venie,NULL,Schneider,Venie,FEMALE,592-83-1529,74867442953446
Ronda,NULL,Tremblay,Ronda,FEMALE,740-98-7632,71186493829711
Caesar,NULL,Grimes,Caesar,MALE,347-61-8883,55726969479678
Brook,Stark,MD,Brook,MALE,866-57-0450,62196182731388
Alwin,NULL,Parker,Alwin,FEMALE,553-13-3596,43492612159278
Mekhi,NULL,Friesen,Mekhi,MALE,400-64-8535,65446859121966
Lawanda,NULL,Lubowitz,Lawanda,FEMALE,853-13-6038,55891288337236
Allisson,NULL,Krajcik,Allisson,FEMALE,353-52-6885,68771864153849
Ernesto,NULL,Breitenberg,Ernesto,FEMALE,197-42-3186,26527677983389
Versa,NULL,Jacobs,Versa,FEMALE,275-98-1317,78272535869634
Queen,NULL,Kreiger,Queen,MALE,388-15-3016,21228482875121
Craig,NULL,Goyette,Craig,MALE,785-83-4357,68475696924196
Amerigo,NULL,Wilkinson,Amerigo,FEMALE,789-25-0566,93937714932384
Mikala,NULL,Welch,Mikala,MALE,491-41-8827,62761426335459
Kaelynn,Gottlieb,DDS,Kaelynn,FEMALE,174-12-7041,27948447457454
Constantine,NULL,Adams,Constantine,FEMALE,537-15-9445,48131573494941
Kendall,NULL,Tremblay,Kendall,FEMALE,850-14-4951,66493369926778
Alcide,Borer,III,Alcide,FEMALE,215-95-0530,23896161928957
Dedrick,Ebert,I,Dedrick,MALE,706-32-5881,96465163879956
Tiara,NULL,Pfannerstill,Tiara,MALE,364-54-6512,25564724258371
Hosteen,Mosciski,IV,Hosteen,FEMALE,303-29-2942,34992825397885
Abigale,NULL,Feeney,Abigale,MALE,860-27-3681,29557176888659
Davey,NULL,Brown,Davey,FEMALE,623-19-9189,37252654928363
Devyn,Labadie,IV,Devyn,MALE,352-91-4500,68139881732911
Gussie,Jaskolski,DDS,Gussie,MALE,642-14-0359,15438351565688
Jarrell,NULL,Ward,Jarrell,FEMALE,113-83-5082,39674396836165
Cher,NULL,Murazik,Cher,MALE,140-74-8941,69482371683472
Bennie,NULL,Altenwerth,Bennie,FEMALE,365-02-3934,64259953584382
Jaycee,NULL,Roob,Jaycee,MALE,821-66-0420,47131948761442
Diallo,NULL,Bailey,Diallo,MALE,121-01-3875,76254797259832
Nello,NULL,Adams,Nello,FEMALE,198-71-5308,72717584549611
Tara,NULL,Bashirian,Tara,MALE,733-22-5148,66376869835481
Katlynn,NULL,Osinski,Katlynn,MALE,069-45-2033,15322337721765
Sheron,Gottlieb,DVM,Sheron,FEMALE,405-26-4284,48723874234318
Harlon,NULL,Schmeler,Harlon,MALE,740-21-9347,51148292526635
Erin,NULL,Wuckert,Erin,MALE,452-05-0884,29781643712295
Roxana,NULL,Gusikowski,Roxana,FEMALE,005-99-1756,12678278138632
Brook,Kub,I,Brook,FEMALE,169-13-4896,86398611227696
Florene,NULL,Harris,Florene,MALE,621-26-7509,63324272133473
Early,NULL,Mohr,Early,FEMALE,271-89-9044,36996455644441
Audley,NULL,Mertz,Audley,MALE,716-79-3788,95766418453767
Caleb,NULL,Strosin,Caleb,FEMALE,188-52-9432,82388676597758
Peter,NULL,Kunde,Peter,MALE,370-97-4273,95686473545157
Delora,NULL,Quigley,Delora,MALE,877-65-3576,12572863228174
Brittni,NULL,Rempel,Brittni,FEMALE,014-71-5386,62872992622629
Glendora,Cummerata,DVM,Glendora,MALE,251-61-9472,81449864744463
Lida,NULL,Feeney,Lida,MALE,121-60-9734,42775582538115
Gwyn,Kuhn,DVM,Gwyn,FEMALE,769-29-8316,43829767955599
Silvester,NULL,Reichert,Silvester,FEMALE,750-77-0029,55253694229519
Leonce,NULL,Mertz,Leonce,FEMALE,144-04-2463,61311512123368
Freddie,NULL,Halvorson,Freddie,MALE,148-94-4079,36655937599961
Bolden,Bode,DVM,Bolden,FEMALE,190-30-7112,16114213781152
Delmar,NULL,Hauck,Delmar,MALE,568-49-7732,81727161434841
Katlynn,Gutmann,DVM,Katlynn,MALE,426-93-4968,54371791825797
Cesar,Ledner,IV,Cesar,MALE,617-64-3642,22826451375231
Hosea,NULL,Nitzsche,Hosea,FEMALE,463-58-3935,96676883718234
Marissa,NULL,Reichel,Marissa,MALE,168-18-2076,45893523496352
Dell,NULL,Armstrong,Dell,MALE,809-64-8748,23976179561454
Aime,Turner,I,Aime,MALE,586-11-8946,52535654213956
Alisson,Bosco,MD,Alisson,MALE,833-65-8616,98168858573868
Tristan,NULL,Lemke,Tristan,MALE,410-43-3410,62134132146916
Carnell,NULL,Langosh,Carnell,FEMALE,562-84-2351,63336221364538
Dellia,NULL,Tromp,Dellia,MALE,464-40-8067,53567665755696
Emma,NULL,Dietrich,Emma,FEMALE,804-92-5711,46887633611328
Irving,NULL,Leuschke,Irving,MALE,820-34-7988,19447979976461
Lashonda,NULL,Buckridge,Lashonda,MALE,689-64-4082,78265111459641
Carole,NULL,Baumbach,Carole,FEMALE,757-70-2796,42823875995743
Abner,NULL,Ondricka,Abner,FEMALE,002-08-3460,22536179791923
Ferne,NULL,Lueilwitz,Ferne,FEMALE,587-41-9643,39966921275286
Stacia,NULL,Rogahn,Stacia,MALE,303-10-0104,96858651756483
Floyd,NULL,Bogan,Floyd,MALE,401-24-0280,52559189537522
Emery,Berge,IV,Emery,MALE,873-49-4209,22953118546839
Chante,NULL,Cummerata,Chante,MALE,858-69-1166,96444261558977
Lennie,NULL,Goldner,Lennie,FEMALE,153-11-0604,61751778532929
Lilian,Goyette,DDS,Lilian,MALE,161-30-9246,75182756221456
Dalvin,Vandervort,II,Dalvin,FEMALE,675-47-4254,94958381493264
Inger,NULL,Pfeffer,Inger,MALE,148-65-2992,85388193412498
Shatara,NULL,Armstrong,Shatara,FEMALE,241-48-1607,82957371237495
Daniel,NULL,Pagac,Daniel,MALE,265-49-4619,92652171339199
Deandre,Weimann,II,Deandre,MALE,470-74-8554,49479525894274
Eliga,NULL,Dooley,Eliga,MALE,879-59-2511,49499574994357
Danielle,NULL,Effertz,Danielle,FEMALE,097-14-2068,82978836516526
Vilma,NULL,Klocko,Vilma,MALE,787-42-4750,58176519534336
Cherie,NULL,Cruickshank,Cherie,FEMALE,145-68-5212,21313177194781
Art,Cole,III,Art,FEMALE,317-43-9063,45431454884941
Rafe,NULL,Spencer,Rafe,FEMALE,231-21-6970,68723733349142
Josette,NULL,Zboncak,Josette,FEMALE,792-55-8635,68622889592465
Nikolas,NULL,Sipes,Nikolas,MALE,659-77-0415,25532618429874
Jonah,NULL,Kuhic,Jonah,MALE,376-79-3962,37971695683468
Donnie,NULL,Flatley,Donnie,FEMALE,259-08-0942,36231337847556
Dossie,NULL,Weimann,Dossie,MALE,572-51-7098,65453699243779
Jarrod,NULL,Steuber,Jarrod,FEMALE,534-93-7957,73176343155348
Jannie,Durgan,DDS,Jannie,MALE,421-73-9147,13933377824156
Tatyanna,NULL,Hickle,Tatyanna,MALE,749-93-6396,97125843736726
Rochelle,NULL,Lehner,Rochelle,FEMALE,759-30-6967,16765724228922
Harvey,NULL,Stoltenberg,Harvey,FEMALE,466-02-9230,71753115927182
Burl,NULL,Toy,Burl,MALE,848-79-6994,98332526763121
Russ,Ondricka,II,Russ,MALE,822-45-5349,56746152323578
Cinnamon,NULL,Weimann,Cinnamon,FEMALE,019-23-7136,99424335174328
Dayse,McKenzie,DDS,Dayse,FEMALE,172-64-3729,84533971158496
Fleta,NULL,Vandervort,Fleta,FEMALE,527-09-2085,75642544536147
Harlen,NULL,Buckridge,Harlen,MALE,507-17-8310,41176834366698
Susie,NULL,White,Susie,MALE,795-98-7756,99988975473169
Rosalie,NULL,Larson,Rosalie,FEMALE,235-70-1232,64332582732833
Dino,NULL,Runolfsdottir,Dino,FEMALE,663-82-5931,12792219692986
Beau,NULL,Weimann,Beau,FEMALE,527-10-4889,27775314998626
Benson,Thiel,V,Benson,MALE,616-67-7279,28433831628184
Jonna,NULL,Keeling,Jonna,FEMALE,199-90-6521,68848218761428
Keila,NULL,Kihn,Keila,FEMALE,240-60-5782,86952465732217
Annalise,NULL,Bernier,Annalise,MALE,221-28-4807,92114794983928
Amiah,NULL,Grady,Amiah,MALE,384-16-2644,69883878253765
Brown,NULL,Torphy,Brown,FEMALE,709-22-5033,23128361481659
Marget,NULL,Terry,Marget,FEMALE,852-43-2972,91576978551888
Nolen,NULL,Howell,Nolen,MALE,532-31-4968,84551282768737
Sheldon,NULL,Nienow,Sheldon,FEMALE,630-77-3475,74587418811198
Vashon,Leannon,MD,Vashon,FEMALE,236-32-0746,21425611195442
Clair,NULL,Mills,Clair,FEMALE,846-55-6715,97967362633441
Lim,NULL,Hartmann,Lim,FEMALE,137-95-0128,16998951293736
Al,NULL,Okuneva,Al,FEMALE,836-19-1340,91822998234633
Abelardo,NULL,Anderson,Abelardo,MALE,740-39-3487,75357815194317
Hilmer,Frami,II,Hilmer,FEMALE,166-91-1497,23694297229185
Bilal,NULL,Kessler,Bilal,MALE,632-26-0113,87139355324555
Avon,NULL,Jones,Avon,FEMALE,415-76-2417,24368336843488
Donna,Wehner,DDS,Donna,FEMALE,437-53-8186,82561924831396
Marlys,O'Kon,DDS,Marlys,MALE,254-81-2348,19827584661622
Richmond,NULL,Wisoky,Richmond,FEMALE,491-46-8566,17937915522656
Violeta,NULL,Price,Violeta,FEMALE,647-34-1253,55285657438812
Pershing,Jones,DVM,Pershing,FEMALE,851-39-1593,49293654971719
Yasmeen,NULL,Schultz,Yasmeen,FEMALE,516-60-8459,75425498413332
Glenn,Green,I,Glenn,MALE,353-17-4201,63714661712293
Lute,NULL,Paucek,Lute,MALE,546-08-3588,45542428745134
Jabez,NULL,Davis,Jabez,FEMALE,100-38-0289,19937596777641
Jabbar,NULL,Howe,Jabbar,MALE,762-07-6951,76974119583517
Chalmer,NULL,Conroy,Chalmer,FEMALE,590-81-6499,59264733255573
Kahlil,NULL,Feil,Kahlil,FEMALE,692-64-0394,74922976658484
Jacob,NULL,Nienow,Jacob,FEMALE,659-93-4110,26212651274917
Redmond,NULL,Osinski,Redmond,MALE,560-95-8156,64617641932236
Daren,NULL,Turner,Daren,MALE,791-88-6098,92411775122492
Irva,Koepp,DVM,Irva,FEMALE,746-31-3800,44828846171645
Antony,Metz,DDS,Antony,FEMALE,086-16-3219,64353621488116
Unknown,NULL,Heathcote,Unknown,FEMALE,785-77-8752,59545968439334
Miss,Melody,Wilderman,Miss,FEMALE,899-50-1583,55945441737113
Minnie,NULL,Metz,Minnie,FEMALE,366-69-7490,41249498949998
Philomena,NULL,Rosenbaum,Philomena,FEMALE,070-17-1848,22457632256398
Villa,NULL,Gleason,Villa,MALE,200-29-9189,55813625442392
Sophia,NULL,Von,Sophia,FEMALE,645-88-3914,21899245437681
Skye,NULL,Hegmann,Skye,MALE,542-74-7671,46327158347853
Karolyn,Brekke,PhD,Karolyn,MALE,375-36-9786,11317892537923
Noel,NULL,Stracke,Noel,MALE,247-14-3463,76646533955399
Fronia,NULL,Considine,Fronia,FEMALE,372-98-5999,11644333291153
Mitchel,NULL,Collier,Mitchel,MALE,824-27-1348,56132699525125
Marc,NULL,Hilll,Marc,MALE,506-23-1587,76652819255726
Adin,NULL,Barton,Adin,FEMALE,624-90-3581,61339416621217
